id,f_name,l_name,email,description
1,'Jan','Kowalski','j.kowalski@gmail.com','I am an example user!'
2,'Kacper','Nowak','kacpernowak@gmail.com','Web developer'
3,'Anna','Wiśniewska','anna.wisniewska@example.com','Graphic designer and artist'
4,'Michał','Wójcik','michal.wojcik@yahoo.com','Software engineer passionate about AI'
5,'Maria','Kaczmarek','maria.kaczmarek@hotmail.com','Freelance writer and blogger'
6,'Tomasz','Mazur','tomasz.mazur@gmail.com','Full-stack developer'
7,'Agnieszka','Krawczyk','agnieszka.krawczyk@outlook.com','Marketing specialist'
8,'Piotr','Kowalczyk','piotr.kowalczyk@example.com','IT consultant'
9,'Ewa','Zielińska','ewa.zielinska@gmail.com','Digital nomad and photographer'
10,'Paweł','Szymański','pawel.szymanski@yahoo.com','Project manager'
11,'Magdalena','Woźniak','magdalena.wozniak@hotmail.com','UX/UI designer'
12,'Łukasz','Dąbrowski','lukasz.dabrowski@gmail.com','Data analyst'
13,'Zofia','Kozłowska','zofia.kozlowska@example.com','Student of computer science'
14,'Marcin','Jankowski','marcin.jankowski@gmail.com','Entrepreneur and startup founder'
15,'Karolina','Włodarczyk','karolina.wlodarczyk@hotmail.com','HR specialist'
16,'Mateusz','Kamiński','mateusz.kaminski@yahoo.com','Mobile app developer'
17,'Natalia','Lewandowska','natalia.lewandowska@gmail.com','Social media manager'
18,'Jakub','Bąk','jakub.bak@example.com','Backend developer'
19,'Julia','Kubiak','julia.kubiak@gmail.com','Content creator'
20,'Andrzej','Zając','andrzej.zajac@hotmail.com','Cybersecurity expert'
21,'Dorota','Gajda','dorota.gajda@gmail.com','Event organizer'
22,'Krzysztof','Baran','krzysztof.baran@yahoo.com','DevOps engineer'
23,'Justyna','Michalska','justyna.michalska@example.com','Teacher and tutor'
24,'Adam','Sikora','adam.sikora@gmail.com','Business analyst'
25,'Patrycja','Olszewska','patrycja.olszewska@hotmail.com','Fashion blogger'
26,'Grzegorz','Witkowski','grzegorz.witkowski@gmail.com','Network administrator'
27,'Alicja','Walczak','alicja.walczak@yahoo.com','Translator and interpreter'
28,'Rafał','Cieślak','rafal.cieslak@example.com','Mechanical engineer'
29,'Beata','Sadowska','beata.sadowska@gmail.com','Nutritionist'
30,'Dawid','Kubiak','dawid.kubiak@hotmail.com','Photographer'
31,'Iwona','Lis','iwona.lis@gmail.com','Architect'
32,'Szymon','Kubik','szymon.kubik@yahoo.com','Videographer'
33,'Monika','Zawadzka','monika.zawadzka@example.com','Journalist'
34,'Bartek','Głowacki','bartek.glowacki@gmail.com','Game developer'
35,'Martyna','Malinowska','martyna.malinowska@hotmail.com','Musician'
36,'Sebastian','Sawicki','sebastian.sawicki@gmail.com','Fitness trainer'
37,'Emilia','Wieczorek','emilia.wieczorek@yahoo.com','Travel blogger'
38,'Marek','Bednarek','marek.bednarek@example.com','Sales manager'
39,'Weronika','Kaczmarczyk','weronika.kaczmarczyk@gmail.com','Interior designer'
40,'Tadeusz','Pawlak','tadeusz.pawlak@hotmail.com','Chef'
41,'Kinga','Krajewska','kinga.krajewska@gmail.com','Dentist'
42,'Oskar','Wrona','oskar.wrona@yahoo.com','Journalist'
43,'Helena','Marciniak','helena.marciniak@example.com','Lawyer'
44,'Ryszard','Wilk','ryszard.wilk@gmail.com','Engineer'
45,'Natalia','Czarnecka','natalia.czarnecka@hotmail.com','Psychologist'
46,'Dominik','Stępień','dominik.stepien@gmail.com','Real estate agent'
47,'Elżbieta','Sobczak','elzbieta.sobczak@yahoo.com','Pharmacist'
48,'Wojciech','Duda','wojciech.duda@example.com','Journalist'
49,'Angelika','Jaworska','angelika.jaworska@gmail.com','Blogger and influencer'
50,'Paweł','Rutkowski','pawel.rutkowski@hotmail.com','Electrician'
51,'Lena','Mazur','lena.mazur@hotmail.com','Digital marketing specialist'
52,'Tomasz','Jankowski','t.jankowski@outlook.com','Freelance photographer'
53,'Ewa','Kaczmarek','ewa.kaczmarek@gmail.com','Content writer and editor'
54,'Bartek','Zieliński','bartek.zielinski@yahoo.com','Front-end developer'
55,'Julia','Sikora','julia.sikora@example.com','UX/UI designer'
56,'Mateusz','Kowalczyk','mateusz.kowalczyk@gmail.com','Data analyst'
57,'Zofia','Wojciechowska','zofia.wojciechowska@hotmail.com','Social media manager'
58,'Adrian','Lewandowski','adrian.lewandowski@gmail.com','Mobile app developer'
59,'Magda','Kubiak','magda.kubiak@gmail.com','SEO specialist'
60,'Kamil','Walczak','kamil.walczak@yahoo.com','DevOps engineer'
61,'Natalia','Wieczorek','natalia.wieczorek@outlook.com','Project manager'
62,'Grzegorz','Baran','grzegorz.baran@gmail.com','Cloud solutions architect'
63,'Agnieszka','Chmiel','agnieszka.chmiel@gmail.com','Technical writer'
64,'Dawid','Dąbrowski','dawid.dabrowski@hotmail.com','Game developer'
65,'Monika','Sadowska','monika.sadowska@gmail.com','Photographer and blogger'
66,'Jakub','Sobczak','jakub.sobczak@yahoo.com','Cybersecurity specialist'
67,'Paulina','Krajewska','paulina.krajewska@gmail.com','E-commerce manager'
68,'Łukasz','Michalski','lukasz.michalski@hotmail.com','Backend developer'
69,'Karolina','Olszewska','karolina.olszewska@gmail.com','HR specialist'
70,'Szymon','Cieślak','szymon.cieslak@gmail.com','AI researcher'
71,'Marta','Zając','marta.zajac@yahoo.com','Interior designer'
72,'Marcin','Krawczyk','marcin.krawczyk@gmail.com','Product owner'
73,'Olga','Mazurkiewicz','olga.mazurkiewicz@hotmail.com','Video editor'
74,'Piotr','Pawlak','piotr.pawlak@gmail.com','Full stack developer'
75,'Justyna','Król','justyna.krol@yahoo.com','Event coordinator'
76,'Rafał','Stępień','rafal.stepien@gmail.com','Network administrator'
77,'Beata','Szczepańska','beata.szczepanska@outlook.com','Translator and interpreter'
78,'Wojciech','Bąk','wojciech.bak@gmail.com','Robotics engineer'
79,'Izabela','Jasińska','izabela.jasinska@hotmail.com','Fashion designer'
80,'Andrzej','Czajkowski','andrzej.czajkowski@gmail.com','Mechanical engineer'
81,'Gabriela','Sowa','gabriela.sowa@yahoo.com','Nutritionist and wellness coach'
82,'Przemysław','Gajda','przemyslaw.gajda@gmail.com','Technical support specialist'
83,'Sylwia','Kubiak','sylwia.kubiak@hotmail.com','Public relations manager'
84,'Marek','Brzeziński','marek.brzezinski@gmail.com','Sales executive'
85,'Iwona','Markowska','iwona.markowska@yahoo.com','Digital illustrator'
86,'Artur','Włodarczyk','artur.wlodarczyk@gmail.com','Mobile game developer'
87,'Angelika','Czerwińska','angelika.czerwinska@hotmail.com','Content strategist'
88,'Radosław','Chojnowski','radoslaw.chojnowski@gmail.com','Database administrator'
89,'Kinga','Bednarek','kinga.bednarek@yahoo.com','Marketing analyst'
90,'Sebastian','Mazurek','sebastian.mazurek@gmail.com','Technical consultant'
91,'Dorota','Wilk','dorota.wilk@outlook.com','Creative director'
92,'Łukasz','Kaleta','lukasz.kaleta@gmail.com','AI software developer'
93,'Joanna','Sikorska','joanna.sikorska@hotmail.com','Copywriter'
94,'Krzysztof','Nowicki','krzysztof.nowicki@gmail.com','Financial analyst'
95,'Natalia','Domagała','natalia.domagala@yahoo.com','Event planner'
96,'Dariusz','Michałowski','dariusz.michalowski@gmail.com','Mobile UX designer'
97,'Alicja','Wrona','alicja.wrona@hotmail.com','Art director'
98,'Tadeusz','Urban','tadeusz.urban@gmail.com','Systems engineer'
99,'Emilia','Kowal','emilia.kowal@yahoo.com','Healthcare consultant'
100,'Jakub','Cieślak','jakub.cieslak@gmail.com','Blockchain developer'